{"9myt": 0.5, "9mz5": 0.5, "9vj3": 0.5, "9ww9": 1, "9x2r": 0.9090909090909091, "30kx": 0.9090909090909091, "30ky": 0.9090909090909091, "30yv": 0.9090909090909091, "30yw": 1, "30yx": 0.9090909090909091, "35wd": 0.5, "9wpy": 0.9090909090909091, "9wpz": 0.9090909090909091, "9wq0": 0.5, "9wqr": 0.5, "9yds": 1, "9v6l": 0.9090909090909091, "9v75": 1, "23sf": 1, "11cq": 1, "13hr": 1, "9o71": 0, "9urz": 0.5, "9z6y": 0.5, "9z6z": 0.5, "9zee": 0.5, "9zef": 0.5, "21bh": 1, "9wf2": 0.5, "9zbi": 0.5, "28vj": 0.5, "9vap": 0.5, "9w3z": 0.5, "9m7s": 0.9090909090909091, "9m7w": 0.9090909090909091, "9u8q": 0, "9u8r": 0, "9u8s": 0, "9uxh": 0.9090909090909091, "9vvg": 0.9090909090909091, "9vvj": 0.9090909090909091, "9qkt": 0.9090909090909091, "9qkz": 0.9090909090909091, "9ql1": 0.9090909090909091, "9x94": 0.5, "9qfx": 0.5, "9qh1": 0.5, "9qhj": 0.5, "9qhw": 0.5, "9qhx": 0.5, "9vj4": 0.5, "9j9e": 1, "9m3b": 0, "9x9b": 0.5, "9i5i": 0.9090909090909091, "9lu4": 1, "9gjd": 0.9090909090909091, "9gje": 0.9090909090909091, "9gjf": 0.9090909090909091, "9gjh": 0.9090909090909091, "9gji": 0.9090909090909091, "9gjk": 0.9090909090909091, "9gjl": 0.9090909090909091, "9ten": 0.9090909090909091, "9teo": 0.9090909090909091, "9teq": 0.9090909090909091, "9ter": 0.9090909090909091, "9w3a": 0, "9xpe": 0.9090909090909091, "21ie": 0.5, "21ik": 0.5, "21ip": 0.5, "9oox": 0.9090909090909091, "9ve3": 0.5, "9ve4": 0.5, "9ve5": 0.5, "9ve6": 0.5, "9ve7": 0.5, "9ve8": 0.5, "9veh": 0.5, "9syj": 0.5, "9syt": 0.5, "9syv": 0.5, "9vne": 0.5, "9hu3": 0.9090909090909091, "9vx1": 0.5, "9vx6": 0.5, "9vhl": 0.9090909090909091, "9cca": 1, "9l7w": 0.5, "9l8j": 1, "9vhe": 0.9090909090909091, "9wlp": 0.5, "9lip": 0.5, "9qtr": 0.5, "9v8i": 0.5, "9y9c": 1, "9m6x": 0.9090909090909091, "9ny5": 0.9090909090909091, "9nyg": 0.9090909090909091, "9ot1": 0.9090909090909091, "9qbl": 0.5, "9qbp": 0.5, "9qbq": 0.5, "9qcc": 0.5, "9hz7": 0.5, "9hz8": 1, "9l7p": 0.9090909090909091, "9u9y": 0.5, "9unv": 0.5, "9uo1": 0.9090909090909091, "9uo2": 0.9090909090909091, "9ljg": 0.9090909090909091, "9ljh": 0.5, "9vh1": 0.5, "8zhr": 0.9090909090909091, "9lii": 0.5, "9kkb": 0.5, "9lgy": 0.5, "9lp9": 0.5, "9lpa": 0.5, "9mt5": 0.5, "9ncf": 1, "9kjx": 0.9090909090909091, "9kjy": 0.9090909090909091, "9kjz": 0.9090909090909091, "9kk1": 0.9090909090909091, "9kk2": 0.9090909090909091, "9ocb": 0.9090909090909091, "9p4j": 0.5, "9p4k": 0.5, "9h5w": 0.5, "9h6r": 0.5, "9l93": 0.5, "9u5s": 0.9090909090909091, "9uu3": 0.5, "9uu4": 0.5, "9uu5": 0.5, "9jor": 0.5, "9l23": 0.5, "9o9u": 0.9090909090909091, "9o9z": 0.9090909090909091, "9oa0": 0.9090909090909091, "9om4": 0.5, "9leq": 0.5, "9evf": 0, "9mqb": 0.9090909090909091, "9mqc": 0.9090909090909091, "9nnb": 0.9090909090909091, "9nnh": 0.9090909090909091, "9nnk": 0.5, "9hqu": 0.9090909090909091, "9hqx": 0.9090909090909091, "9jnk": 0.5, "9ea8": 0.5, "9eav": 0.5, "9glc": 1, "9gld": 1}