{"9myt": 0.5, "9mz5": 0.5, "30kx": 0.9090909090909091, "30ky": 0.9090909090909091, "30yv": 0.9090909090909091, "30yw": 1, "30yx": 0.9090909090909091, "35wd": 0.5, "23sf": 1, "11cq": 1, "13hr": 1, "21bh": 1, "28vj": 0.5, "9m7s": 0.9090909090909091, "9m7w": 0.9090909090909091, "9j9e": 1, "9m3b": 0, "9i5i": 0.9090909090909091, "9lu4": 1, "9gjd": 0.9090909090909091, "9gje": 0.9090909090909091, "9gjf": 0.9090909090909091, "9gjh": 0.9090909090909091, "9gji": 0.9090909090909091, "9gjk": 0.9090909090909091, "9gjl": 0.9090909090909091, "21ie": 0.5, "21ik": 0.5, "21ip": 0.5, "9hu3": 0.9090909090909091, "9cca": 1, "9l7w": 0.5, "9l8j": 1, "9lip": 0.5, "9m6x": 0.9090909090909091, "9ny5": 0.9090909090909091, "9ot1": 0.9090909090909091, "9hz7": 0.5, "9hz8": 1, "9l7p": 0.9090909090909091, "9ljg": 0.9090909090909091, "9ljh": 0.5, "8zhr": 0.9090909090909091, "9lii": 0.5, "9kkb": 0.5, "9lgy": 0.5, "9lp9": 0.5, "9lpa": 0.5, "9mt5": 0.5, "9ncf": 1, "9kjx": 0.9090909090909091, "9kjy": 0.9090909090909091, "9kjz": 0.9090909090909091, "9kk1": 0.9090909090909091, "9kk2": 0.9090909090909091, "9ocb": 0.9090909090909091, "9h5w": 0.5, "9h6r": 0.5, "9l93": 0.5, "9jor": 0.5, "9l23": 0.5, "9o9u": 0.9090909090909091, "9leq": 0.5, "9evf": 0, "9mqb": 0.9090909090909091, "9mqc": 0.9090909090909091, "9nnb": 0.9090909090909091, "9nnh": 0.9090909090909091, "9hqu": 0.9090909090909091, "9hqx": 0.9090909090909091, "9jnk": 0.5, "9ea8": 0.5, "9eav": 0.5, "9glc": 1, "9gld": 1}